{
  "Aix en Provence": [
    43.5298424,
    5.4474738
  ],
  "Akureyri": [
    65.6826364,
    -18.0912993
  ],
  "Hofn": [
    64.2532647,
    -15.2080441
  ],
  "Invernes s": [
    57.4745541,
    -4.2291087
  ]
}